<?xml version="1.0" encoding="UTF-8"?>
<addon id="repository.daveyclan" name="[COLOR orchid]DAVEY CLAN REPO[/COLOR]" provider-name="DaveyClan" version="0.1.0">

    <extension point="xbmc.addon.repository" name="Davey Clan Repo">
        <dir minversion="20.0">
		<info compressed="false">https://raw.githubusercontent.com/DaveyClan/daveyrepo/main/addons.xml</info>
		<checksum>https://raw.githubusercontent.com/DaveyClan/daveyrepo/main/addons.xml.md5</checksum>
		<datadir zip="true">https://github.com/DaveyClan/daveyrepo/tree/main/</datadir>
        </dir>
    </extension>

    <extension point="xbmc.addon.metadata">
        <summary lang="en">Davey Clan repository for Kodi builds</summary>
        <description lang="en">Installs the Davey Clan Kodi build and add-ons via this repository.</description>
        <platform>all</platform>
        <license>GNU GENERAL PUBLIC LICENSE. Version 3, 29 June 2007</license>
        <disclaimer lang="en">This repository provides access to Davey Clan builds. All content is hosted externally. Use at your own risk!</disclaimer>
        <assets>
            <icon>icon.png</icon>
        </assets>
    </extension>

</addon>
